Date;Public Equity;PE/VC;Hedge Funds;Real Assets & ILBs;Fixed Income;Private Credit;Cash;High Yield
30.07.1999;-3.12%;;;;;;;
31.08.1999;-0.50%;;;;;;;
30.09.1999;-2.74%;;;;;;;
29.10.1999;6.33%;;;;;;;
30.11.1999;2.03%;;;;;;;
31.12.1999;5.89%;;;;;;;
31.01.2000;-5.02%;-12.80%;-0.10%;0.06%;-1.71%;;0.46%;-0.43%
29.02.2000;-1.89%;-7.80%;6.49%;-2.88%;-0.19%;;0.47%;0.19%
31.03.2000;9.78%;31.86%;-2.12%;2.64%;2.00%;;0.48%;-2.10%
28.04.2000;-3.01%;-13.99%;-4.63%;6.29%;-2.44%;;0.47%;0.16%
31.05.2000;-2.06%;-8.78%;-1.17%;0.59%;0.46%;;0.46%;-1.03%
30.06.2000;2.47%;7.67%;3.66%;1.99%;2.54%;;0.48%;2.04%
31.07.2000;-1.56%;-4.01%;0.11%;8.48%;-1.00%;;0.50%;0.76%
31.08.2000;6.21%;12.78%;3.39%;-4.27%;-0.44%;;0.51%;0.68%
29.09.2000;-5.28%;-12.05%;-0.41%;3.12%;0.28%;;0.50%;-0.87%
31.10.2000;-0.42%;0.89%;-1.09%;-4.59%;-0.81%;;0.52%;-3.20%
30.11.2000;-7.88%;-6.99%;-1.55%;1.14%;1.72%;;0.50%;-3.96%
29.12.2000;0.49%;-0.80%;2.66%;6.02%;2.88%;;0.48%;1.93%
31.01.2001;3.55%;-4.88%;0.94%;0.43%;0.48%;;0.41%;7.49%
28.02.2001;-9.12%;11.17%;-0.59%;-2.16%;0.16%;;0.40%;1.33%
30.03.2001;-6.33%;3.56%;-0.34%;0.51%;-2.05%;;0.35%;-2.35%
30.04.2001;7.77%;-0.47%;0.69%;1.87%;-0.12%;;0.32%;-1.25%
31.05.2001;0.67%;0.65%;0.83%;1.97%;0.19%;;0.30%;1.80%
29.06.2001;-2.43%;0.80%;0.58%;5.33%;-0.70%;;0.30%;-2.81%
31.07.2001;-0.99%;-0.42%;-0.02%;-2.52%;2.29%;;0.29%;1.47%
31.08.2001;-6.26%;-4.81%;0.92%;3.20%;3.01%;;0.28%;1.18%
28.09.2001;-8.08%;-5.68%;-0.83%;-4.45%;0.78%;;0.20%;-6.72%
31.10.2001;1.91%;2.49%;0.44%;-3.55%;0.90%;;0.17%;2.47%
30.11.2001;7.67%;4.34%;0.54%;4.93%;-1.16%;;0.14%;3.65%
31.12.2001;0.88%;1.07%;1.19%;1.42%;-2.09%;;0.14%;-0.41%
31.01.2002;-1.46%;-0.16%;0.54%;-0.34%;-0.90%;;0.15%;0.70%
28.02.2002;-1.93%;0.15%;-0.56%;1.32%;0.67%;;0.15%;-1.40%
29.03.2002;3.76%;1.97%;0.74%;5.73%;-0.59%;;0.15%;2.41%
30.04.2002;-6.06%;-1.21%;0.79%;0.27%;2.96%;;0.15%;1.56%
31.05.2002;-0.74%;0.83%;0.67%;0.80%;2.24%;;0.14%;-0.52%
28.06.2002;-7.12%;-1.80%;-0.84%;2.15%;3.48%;;0.14%;-7.37%
31.07.2002;-7.79%;0.24%;-1.35%;-5.78%;0.90%;;0.14%;-4.37%
30.08.2002;0.65%;-0.37%;0.85%;-0.30%;1.63%;;0.14%;2.85%
30.09.2002;-10.87%;-2.31%;0.08%;-4.34%;1.11%;;0.13%;-1.31%
31.10.2002;8.80%;3.78%;-0.04%;-5.41%;-0.28%;;0.12%;-0.87%
29.11.2002;5.89%;5.56%;1.09%;4.02%;0.26%;;0.10%;6.19%
31.12.2002;-5.88%;-9.84%;1.07%;-0.21%;4.05%;;0.10%;1.40%
31.01.2003;-2.62%;-6.62%;1.28%;-3.14%;1.12%;;0.10%;3.33%
28.02.2003;-1.50%;-5.51%;0.68%;1.13%;1.29%;;0.10%;1.23%
31.03.2003;0.97%;2.40%;0.26%;1.24%;0.25%;;0.09%;2.88%
30.04.2003;8.24%;22.99%;1.96%;3.89%;1.28%;;0.09%;5.93%
30.05.2003;5.27%;13.29%;2.71%;5.04%;3.55%;;0.09%;1.03%
30.06.2003;1.27%;2.22%;0.83%;1.59%;-1.08%;;0.07%;2.88%
31.07.2003;1.76%;2.86%;0.08%;4.92%;-2.91%;;0.08%;-1.10%
29.08.2003;1.95%;3.77%;0.76%;0.19%;-0.23%;;0.08%;1.15%
30.09.2003;-1.06%;-2.16%;1.52%;2.74%;4.81%;;0.08%;2.73%
31.10.2003;5.65%;7.96%;1.38%;1.34%;-0.56%;;0.08%;2.02%
28.11.2003;0.88%;1.84%;1.08%;3.84%;1.30%;;0.08%;1.52%
31.12.2003;5.24%;0.05%;1.95%;2.39%;3.27%;;0.08%;2.26%
30.01.2004;1.84%;-0.75%;1.70%;4.16%;0.37%;;0.08%;1.91%
27.02.2004;1.39%;0.82%;1.40%;1.27%;0.52%;;0.08%;-0.25%
31.03.2004;-1.51%;-0.69%;0.28%;4.94%;1.11%;;0.08%;0.68%
30.04.2004;-1.57%;-0.64%;-0.58%;-15.11%;-3.66%;;0.08%;-0.68%
31.05.2004;1.37%;0.21%;-0.23%;6.79%;0.49%;;0.09%;-1.69%
30.06.2004;1.95%;1.96%;0.34%;2.15%;0.29%;;0.10%;1.43%
30.07.2004;-3.31%;-3.55%;-0.31%;0.14%;-0.02%;;0.12%;1.36%
31.08.2004;0.40%;0.31%;0.14%;7.64%;2.19%;;0.13%;1.96%
30.09.2004;1.08%;1.86%;1.01%;-0.80%;1.18%;;0.14%;1.45%
29.10.2004;1.53%;3.50%;1.28%;5.11%;2.40%;;0.16%;1.81%
30.11.2004;4.05%;10.94%;2.65%;3.86%;2.65%;;0.18%;1.21%
31.12.2004;3.40%;7.86%;1.61%;4.29%;1.53%;;0.18%;1.49%
31.01.2005;-2.44%;-5.54%;-0.34%;-8.73%;-1.05%;;0.20%;-0.13%
28.02.2005;2.10%;4.25%;1.43%;2.52%;0.19%;;0.23%;1.47%
31.03.2005;-1.77%;-3.51%;-0.15%;-2.22%;-1.21%;;0.23%;-2.91%
29.04.2005;-1.90%;-5.54%;-1.04%;5.57%;1.31%;;0.24%;-0.97%
31.05.2005;3.18%;5.47%;0.15%;2.97%;-1.34%;;0.24%;1.78%
30.06.2005;0.14%;-0.43%;1.31%;4.50%;-0.45%;;0.26%;1.96%
29.07.2005;3.72%;5.95%;1.92%;6.91%;-0.80%;;0.28%;1.75%
31.08.2005;-0.91%;-1.47%;0.88%;-4.18%;1.65%;;0.29%;0.19%
30.09.2005;0.81%;1.29%;1.63%;0.01%;-1.59%;;0.29%;-1.00%
31.10.2005;-1.67%;-4.84%;-1.46%;-2.65%;-1.49%;;0.32%;-0.70%
30.11.2005;3.78%;7.75%;1.48%;3.79%;-0.71%;;0.32%;0.52%
30.12.2005;0.03%;-0.02%;1.61%;-0.63%;0.99%;;0.33%;0.86%
31.01.2006;2.65%;5.55%;3.23%;7.38%;1.26%;;0.36%;1.60%
28.02.2006;0.27%;-0.09%;0.34%;1.60%;-0.35%;;0.38%;0.67%
31.03.2006;1.24%;3.17%;1.82%;4.56%;-0.99%;;0.38%;0.60%
28.04.2006;1.34%;1.56%;2.22%;-3.99%;1.89%;;0.39%;0.62%
31.05.2006;-2.88%;-7.82%;-1.30%;-3.18%;1.29%;;0.39%;-0.01%
30.06.2006;0.13%;0.41%;-0.11%;4.81%;-0.79%;;0.41%;-0.35%
31.07.2006;0.62%;-0.96%;0.29%;3.29%;1.00%;;0.41%;0.98%
31.08.2006;2.38%;4.52%;0.85%;3.57%;1.16%;;0.41%;1.62%
29.09.2006;2.57%;3.64%;0.13%;1.50%;-0.01%;;0.40%;1.42%
31.10.2006;3.26%;5.83%;1.77%;6.05%;0.97%;;0.41%;1.36%
30.11.2006;1.90%;3.74%;2.07%;4.41%;2.44%;;0.41%;1.68%
29.12.2006;1.39%;2.94%;1.83%;-2.28%;-1.33%;;0.41%;1.10%
31.01.2007;1.51%;2.87%;1.33%;8.45%;-0.98%;;0.42%;1.12%
28.02.2007;-1.96%;-4.06%;0.74%;-2.61%;2.06%;;0.42%;1.40%
30.03.2007;1.12%;2.57%;1.24%;-2.79%;0.24%;;0.41%;0.11%
30.04.2007;4.43%;6.37%;2.02%;-0.27%;1.13%;;0.39%;1.30%
31.05.2007;3.49%;5.79%;2.31%;-0.37%;-1.56%;;0.39%;0.75%
29.06.2007;-1.66%;-3.09%;0.78%;-9.72%;-0.44%;;0.39%;-1.80%
31.07.2007;-3.10%;-6.33%;0.00%;-8.15%;2.03%;;0.40%;-3.54%
31.08.2007;1.50%;2.40%;-1.53%;6.22%;1.23%;;0.34%;1.36%
28.09.2007;3.74%;6.17%;2.71%;3.83%;2.24%;;0.31%;2.62%
31.10.2007;1.59%;2.58%;3.16%;0.86%;1.63%;;0.32%;0.60%
30.11.2007;-4.10%;-7.33%;-1.21%;-9.70%;1.91%;;0.26%;-2.17%
31.12.2007;-0.70%;-1.29%;0.47%;-5.90%;-0.30%;;0.27%;0.29%
31.01.2008;-6.00%;-10.54%;-1.48%;-0.75%;2.78%;;0.16%;-1.33%
29.02.2008;-3.25%;-6.54%;1.61%;-4.13%;1.67%;;0.15%;-1.36%
31.03.2008;-0.43%;-1.00%;-2.11%;5.94%;2.04%;;0.11%;-0.34%
30.04.2008;4.87%;6.51%;0.57%;5.69%;-1.91%;;0.11%;4.31%
30.05.2008;1.30%;2.71%;2.00%;-0.22%;-1.11%;;0.16%;0.36%
30.06.2008;-8.43%;-16.95%;0.00%;-11.54%;0.09%;;0.14%;-2.80%
31.07.2008;-0.84%;-1.22%;-2.61%;2.66%;0.14%;;0.14%;-1.33%
29.08.2008;1.45%;2.82%;-1.47%;1.88%;-1.65%;;0.14%;0.35%
30.09.2008;-8.91%;-17.24%;-6.55%;-0.83%;-2.35%;;0.08%;-7.98%
31.10.2008;-16.80%;-10.35%;-6.30%;-32.03%;-3.69%;;0.04%;-15.91%
28.11.2008;-7.17%;2.28%;-4.15%;-24.54%;2.89%;;0.00%;-9.31%
31.12.2008;1.06%;-0.12%;-0.03%;16.42%;6.21%;;0.01%;7.68%
30.01.2009;-8.43%;4.31%;1.09%;-17.97%;-3.27%;;0.02%;5.99%
27.02.2009;-10.65%;-1.31%;-0.88%;-21.53%;-2.23%;;0.02%;-3.10%
31.03.2009;8.76%;12.25%;0.65%;2.67%;2.30%;;0.02%;3.19%
30.04.2009;9.57%;9.60%;1.68%;30.67%;0.90%;;0.01%;12.10%
29.05.2009;5.59%;7.93%;4.06%;1.72%;3.57%;;0.01%;6.73%
30.06.2009;0.20%;0.19%;0.43%;-3.78%;0.41%;;0.01%;2.86%
31.07.2009;7.56%;18.57%;2.54%;10.36%;2.21%;;0.01%;6.09%
31.08.2009;3.61%;3.60%;1.53%;13.48%;1.76%;;0.01%;1.86%
30.09.2009;3.73%;4.70%;3.04%;6.16%;2.14%;;0.01%;5.69%
30.10.2009;-1.86%;-2.60%;0.13%;-4.79%;0.47%;;0.00%;1.79%
30.11.2009;5.99%;1.21%;2.11%;6.31%;2.55%;;0.00%;1.01%
31.12.2009;1.93%;0.48%;0.88%;6.53%;-3.76%;;0.00%;3.28%
29.01.2010;-3.60%;1.62%;0.17%;-5.52%;0.41%;;0.01%;1.27%
26.02.2010;3.10%;0.58%;0.68%;5.15%;0.07%;;0.01%;0.17%
31.03.2010;6.03%;3.16%;2.22%;9.62%;-0.76%;;0.01%;3.14%
30.04.2010;1.58%;0.14%;1.24%;6.81%;0.02%;;0.01%;2.34%
31.05.2010;-7.98%;-5.43%;-2.76%;-5.61%;-1.56%;;0.01%;-3.59%
30.06.2010;-5.24%;-2.17%;-0.84%;-5.61%;1.53%;;0.01%;1.24%
30.07.2010;7.01%;6.04%;1.59%;9.49%;3.40%;;0.01%;3.56%
31.08.2010;-4.51%;-3.18%;0.23%;-1.57%;1.39%;;0.01%;0.04%
30.09.2010;8.92%;10.63%;3.43%;4.00%;2.35%;;0.01%;3.01%
29.10.2010;3.80%;4.03%;1.92%;4.55%;1.26%;;0.01%;2.58%
30.11.2010;0.01%;0.06%;-0.18%;-2.29%;-3.81%;;0.01%;-1.17%
31.12.2010;6.68%;7.67%;2.90%;4.07%;1.31%;;0.01%;1.81%
31.01.2011;2.37%;2.21%;0.69%;3.05%;0.18%;;0.01%;2.21%
28.02.2011;3.43%;5.60%;1.38%;4.31%;0.59%;;0.01%;1.31%
31.03.2011;0.04%;0.55%;0.12%;-1.86%;0.47%;;0.01%;0.32%
29.04.2011;2.96%;1.55%;1.80%;5.56%;3.10%;;0.00%;1.55%
31.05.2011;-1.13%;-0.25%;-0.96%;1.01%;-0.08%;;0.00%;0.49%
30.06.2011;-1.67%;0.19%;-1.36%;-3.64%;0.08%;;0.00%;-0.97%
29.07.2011;-2.03%;-2.14%;0.69%;1.44%;2.06%;;0.01%;1.16%
31.08.2011;-5.43%;-4.41%;-2.30%;-6.02%;1.27%;;0.00%;-4.00%
30.09.2011;-7.03%;-1.58%;-3.20%;-11.36%;-2.31%;;0.00%;-3.27%
31.10.2011;10.93%;6.06%;1.73%;14.25%;1.33%;;0.00%;5.99%
30.11.2011;-0.22%;-0.02%;-0.79%;-4.08%;-1.75%;;0.00%;-2.16%
30.12.2011;1.02%;0.73%;-0.22%;4.14%;0.67%;;0.00%;2.66%
31.01.2012;4.48%;4.98%;2.34%;6.30%;1.67%;;0.00%;3.04%
29.02.2012;4.32%;7.82%;1.61%;-1.31%;-0.07%;;0.01%;2.37%
30.03.2012;3.29%;6.77%;0.05%;4.66%;-0.72%;;0.01%;-0.14%
30.04.2012;-0.63%;-1.32%;-0.04%;2.75%;1.18%;;0.01%;1.05%
31.05.2012;-6.01%;-10.75%;-1.33%;-4.83%;-1.03%;;0.01%;-1.31%
29.06.2012;4.12%;6.14%;-0.40%;5.20%;0.48%;;0.01%;2.11%
31.07.2012;1.39%;1.04%;1.42%;1.80%;1.16%;;0.01%;1.90%
31.08.2012;2.25%;2.86%;0.84%;-0.25%;0.86%;;0.01%;1.17%
28.09.2012;2.58%;3.94%;1.04%;-2.29%;1.22%;;0.01%;1.39%
31.10.2012;-1.85%;-3.82%;-0.18%;-1.00%;-0.14%;;0.01%;0.88%
30.11.2012;0.58%;1.44%;0.64%;-0.59%;-0.01%;;0.01%;0.80%
31.12.2012;0.91%;1.13%;1.48%;3.19%;-0.33%;;0.00%;1.58%
31.01.2013;5.18%;10.99%;2.07%;3.50%;-0.91%;;0.01%;1.34%
28.02.2013;1.36%;2.15%;0.24%;1.05%;-0.95%;;0.01%;0.51%
29.03.2013;3.75%;4.82%;1.21%;2.47%;-0.25%;;0.01%;1.02%
30.04.2013;1.93%;2.24%;1.39%;6.55%;1.39%;;0.00%;1.81%
31.05.2013;2.34%;1.77%;0.42%;-6.19%;-2.97%;;0.00%;-0.58%
28.06.2013;-1.34%;-1.25%;-1.66%;-2.37%;-1.18%;;0.00%;-2.62%
31.07.2013;5.09%;4.90%;0.88%;0.82%;1.26%;3.49%;0.00%;1.90%
30.08.2013;-2.90%;-1.95%;-0.54%;-7.05%;-0.52%;-1.35%;0.00%;-0.61%
30.09.2013;3.14%;3.49%;1.27%;2.99%;2.06%;1.74%;0.00%;0.99%
31.10.2013;4.60%;3.78%;1.59%;4.28%;0.98%;1.03%;0.00%;2.51%
29.11.2013;3.05%;2.73%;1.31%;-5.20%;-0.82%;2.21%;0.00%;0.51%
31.12.2013;2.52%;2.92%;1.19%;0.29%;-0.60%;-0.87%;0.01%;0.54%
31.01.2014;-3.46%;-5.03%;-0.29%;3.98%;1.06%;-0.08%;0.00%;0.70%
28.02.2014;4.57%;6.76%;1.72%;4.70%;1.40%;1.52%;0.00%;2.02%
31.03.2014;0.84%;1.16%;-0.48%;0.39%;-0.07%;-1.92%;0.00%;0.24%
30.04.2014;0.74%;0.66%;-0.21%;3.96%;1.13%;-1.84%;0.00%;0.63%
30.05.2014;2.35%;4.24%;1.13%;2.08%;0.59%;0.43%;0.00%;0.92%
30.06.2014;2.07%;2.58%;0.96%;1.32%;0.73%;4.80%;0.00%;0.84%
31.07.2014;-1.38%;-3.06%;-0.31%;-0.14%;-0.90%;-2.34%;0.00%;-1.33%
29.08.2014;4.00%;7.39%;0.88%;2.77%;0.55%;2.18%;0.00%;1.58%
30.09.2014;-1.40%;-2.74%;-0.01%;-5.99%;-2.79%;-4.28%;0.00%;-2.09%
31.10.2014;2.44%;4.80%;-0.80%;9.77%;0.01%;0.22%;0.00%;1.19%
28.11.2014;2.69%;4.95%;1.50%;1.80%;-0.37%;0.57%;0.00%;-0.73%
31.12.2014;-0.26%;-1.91%;0.01%;1.98%;-0.69%;-4.60%;0.00%;-1.45%
30.01.2015;-3.00%;-3.39%;0.81%;6.56%;-0.16%;-1.03%;0.00%;0.66%
27.02.2015;5.75%;9.12%;1.06%;-3.74%;-0.81%;5.94%;0.00%;2.41%
31.03.2015;-1.58%;-2.62%;0.60%;1.25%;-0.96%;-0.36%;0.00%;-0.55%
30.04.2015;0.96%;1.97%;0.02%;-5.57%;1.06%;1.15%;0.00%;1.21%
29.05.2015;1.29%;1.83%;0.83%;-0.42%;-1.79%;0.15%;0.00%;0.30%
30.06.2015;-1.94%;-2.96%;-1.31%;-4.43%;-0.44%;-3.42%;0.00%;-1.49%
31.07.2015;2.10%;5.60%;0.87%;5.45%;0.22%;-2.05%;0.01%;-0.58%
31.08.2015;-6.03%;-9.37%;-1.99%;-6.30%;0.12%;-0.81%;0.00%;-1.74%
30.09.2015;-2.47%;-4.37%;-1.41%;2.75%;0.51%;-5.56%;0.00%;-2.60%
30.10.2015;8.44%;15.79%;0.53%;5.49%;0.21%;2.56%;0.01%;2.75%
30.11.2015;0.30%;-0.15%;0.20%;-0.72%;-1.66%;4.13%;0.01%;-2.22%
31.12.2015;-1.59%;-2.50%;-0.85%;2.15%;0.53%;-4.11%;0.01%;-2.52%
29.01.2016;-4.96%;-9.57%;-1.41%;-3.60%;0.87%;-6.47%;0.03%;-1.61%
29.02.2016;-0.14%;-1.90%;-1.08%;-0.57%;2.23%;-0.11%;0.03%;0.57%
31.03.2016;6.78%;10.70%;0.29%;10.31%;2.70%;8.72%;0.02%;4.44%
29.04.2016;0.39%;-0.80%;0.34%;-2.02%;1.33%;3.03%;0.02%;3.92%
31.05.2016;1.79%;3.22%;0.36%;2.37%;-1.34%;0.01%;0.02%;0.62%
30.06.2016;0.26%;-0.13%;-0.10%;6.53%;2.92%;2.64%;0.02%;0.92%
29.07.2016;3.69%;4.72%;1.15%;4.29%;0.75%;6.19%;0.02%;2.70%
31.08.2016;0.14%;0.25%;0.47%;-3.70%;-0.49%;4.95%;0.03%;2.09%
30.09.2016;0.02%;0.19%;0.12%;-2.18%;0.55%;-0.77%;0.02%;0.67%
31.10.2016;-1.82%;-1.89%;-0.18%;-5.99%;-2.78%;-1.24%;0.02%;0.39%
30.11.2016;3.70%;3.26%;0.36%;-1.77%;-3.97%;4.03%;0.04%;-0.47%
30.12.2016;1.97%;1.47%;0.96%;4.36%;-0.46%;1.91%;0.04%;1.85%
31.01.2017;1.90%;2.71%;0.70%;-0.46%;1.13%;2.41%;0.04%;1.45%
28.02.2017;3.97%;4.38%;0.97%;3.49%;0.47%;2.92%;0.05%;1.46%
31.03.2017;0.12%;0.19%;0.39%;-2.81%;0.15%;0.67%;0.06%;-0.22%
28.04.2017;1.03%;1.52%;0.43%;0.88%;1.13%;0.84%;0.07%;1.15%
31.05.2017;1.41%;1.68%;0.82%;-0.77%;1.55%;-3.55%;0.08%;0.87%
30.06.2017;0.62%;-0.45%;-0.49%;1.96%;-0.09%;1.02%;0.08%;0.14%
31.07.2017;2.06%;1.73%;1.37%;0.95%;1.68%;1.65%;0.09%;1.11%
31.08.2017;0.31%;0.21%;0.59%;-0.39%;0.99%;-2.84%;0.08%;-0.04%
29.09.2017;2.06%;3.48%;-0.15%;-0.12%;-0.90%;3.04%;0.09%;0.90%
31.10.2017;2.33%;4.15%;1.28%;-1.35%;-0.38%;-1.41%;0.09%;0.42%
30.11.2017;3.07%;5.74%;0.10%;2.76%;1.11%;-1.60%;0.10%;-0.26%
29.12.2017;1.10%;2.57%;0.91%;-0.64%;0.35%;-0.47%;0.11%;0.30%
31.01.2018;5.72%;8.49%;2.71%;-4.45%;1.19%;-0.53%;0.12%;0.60%
28.02.2018;-3.69%;-7.36%;-2.12%;-7.72%;-0.89%;-2.65%;0.14%;-0.85%
30.03.2018;-2.54%;-5.25%;-0.06%;3.55%;1.06%;2.29%;0.14%;-0.60%
30.04.2018;0.38%;0.23%;0.05%;2.57%;-1.60%;2.30%;0.15%;0.65%
31.05.2018;2.41%;3.60%;0.28%;4.56%;-0.76%;2.19%;0.16%;-0.03%
29.06.2018;0.61%;0.03%;-0.23%;3.62%;-0.44%;0.16%;0.16%;0.40%
31.07.2018;3.72%;5.85%;0.36%;0.49%;-0.17%;2.45%;0.17%;1.09%
31.08.2018;3.26%;4.89%;0.12%;3.36%;0.10%;2.14%;0.17%;0.74%
28.09.2018;0.57%;1.12%;0.10%;-3.11%;-0.86%;-0.39%;0.18%;0.56%
31.10.2018;-6.84%;-12.65%;-2.57%;-2.68%;-1.12%;-4.38%;0.19%;-1.60%
30.11.2018;2.04%;3.32%;-0.59%;5.01%;0.31%;-0.21%;0.19%;-0.86%
31.12.2018;-9.03%;-12.07%;-1.19%;-8.66%;2.02%;-7.22%;0.19%;-2.14%
31.01.2019;8.01%;11.29%;1.77%;11.57%;1.52%;11.32%;0.20%;4.52%
28.02.2019;3.21%;4.37%;1.08%;0.28%;-0.58%;2.36%;0.20%;1.66%
29.03.2019;1.94%;0.48%;1.09%;3.43%;1.25%;-0.72%;0.20%;0.94%
30.04.2019;4.05%;4.59%;1.36%;0.34%;-0.30%;3.66%;0.20%;1.42%
31.05.2019;-6.35%;-11.30%;-1.00%;0.00%;1.35%;-3.15%;0.19%;-1.19%
28.06.2019;7.05%;12.82%;2.00%;0.89%;2.22%;2.57%;0.17%;2.28%
31.07.2019;1.44%;1.54%;0.72%;1.18%;-0.28%;1.56%;0.17%;0.56%
30.08.2019;-1.58%;-2.63%;-0.14%;3.20%;2.03%;-2.45%;0.16%;0.40%
30.09.2019;1.87%;4.02%;-0.32%;2.56%;-1.02%;2.52%;0.15%;0.36%
31.10.2019;2.17%;-0.62%;0.34%;1.29%;0.67%;-0.71%;0.13%;0.28%
29.11.2019;3.63%;5.53%;0.47%;-1.28%;-0.76%;2.34%;0.13%;0.33%
31.12.2019;3.01%;4.29%;1.61%;-1.14%;0.58%;1.95%;0.13%;2.00%
31.01.2020;-0.04%;-0.51%;0.16%;1.02%;1.28%;1.08%;0.13%;0.03%
28.02.2020;-8.23%;-16.61%;-1.99%;-8.04%;0.67%;-9.03%;0.10%;-1.41%
31.03.2020;-12.35%;-19.48%;-7.28%;-21.40%;-2.24%;-34.93%;0.01%;-11.46%
30.04.2020;12.82%;21.08%;2.43%;8.84%;1.96%;15.10%;0.01%;4.51%
29.05.2020;4.76%;6.34%;2.49%;0.17%;0.44%;7.63%;0.01%;4.41%
30.06.2020;1.99%;3.20%;1.16%;2.85%;0.89%;0.60%;0.01%;0.98%
31.07.2020;5.64%;10.28%;2.64%;3.95%;3.19%;0.86%;0.01%;4.69%
31.08.2020;7.19%;16.26%;1.72%;1.13%;-0.15%;4.18%;0.01%;0.95%
30.09.2020;-3.80%;-8.56%;-0.93%;-3.46%;-0.36%;0.18%;0.01%;-1.03%
30.10.2020;-2.66%;-6.18%;-0.47%;-2.74%;0.10%;-3.35%;0.01%;0.51%
30.11.2020;10.95%;21.66%;2.99%;10.78%;1.82%;18.71%;0.01%;3.96%
31.12.2020;3.84%;5.76%;3.78%;3.11%;1.34%;2.64%;0.00%;1.88%
29.01.2021;-1.02%;-1.67%;-0.22%;0.02%;-0.88%;3.71%;0.00%;0.33%
26.02.2021;2.76%;3.19%;2.33%;4.39%;-1.72%;7.83%;0.00%;0.37%
31.03.2021;4.38%;3.15%;0.73%;4.52%;-1.92%;4.14%;0.00%;0.15%
30.04.2021;5.34%;4.53%;2.59%;8.21%;1.26%;5.33%;0.00%;1.09%
31.05.2021;0.70%;-0.21%;1.10%;1.17%;0.94%;1.78%;0.00%;0.30%
30.06.2021;2.33%;1.84%;-0.67%;2.41%;-0.88%;1.35%;0.00%;1.34%
30.07.2021;2.38%;1.98%;0.28%;4.80%;1.33%;-0.22%;0.00%;0.38%
31.08.2021;3.04%;4.01%;0.92%;2.31%;-0.42%;1.98%;0.00%;0.51%
30.09.2021;-4.65%;-7.77%;-0.02%;-5.86%;-1.78%;-0.17%;0.00%;-0.01%
29.10.2021;7.01%;11.99%;1.28%;7.64%;-0.24%;4.46%;0.00%;-0.17%
30.11.2021;-0.70%;1.34%;-2.21%;-0.48%;-0.29%;-0.88%;0.00%;-0.97%
31.12.2021;4.47%;5.12%;1.92%;8.71%;-0.14%;0.75%;0.00%;1.87%
31.01.2022;-5.17%;-12.85%;-0.66%;-7.01%;-2.05%;0.34%;0.01%;-2.73%
28.02.2022;-3.00%;-6.04%;0.37%;-2.96%;-1.19%;-1.46%;0.02%;-1.03%
31.03.2022;3.71%;6.72%;2.43%;6.65%;-3.05%;1.76%;0.04%;-1.15%
29.04.2022;-8.72%;-18.90%;0.39%;-4.13%;-5.48%;-3.83%;0.07%;-3.56%
31.05.2022;0.18%;-0.14%;-0.63%;-5.99%;0.27%;-3.44%;0.09%;0.25%
30.06.2022;-8.26%;-11.69%;-2.06%;-7.58%;-3.21%;-6.59%;0.13%;-6.73%
29.07.2022;9.22%;11.80%;0.53%;8.83%;2.13%;7.11%;0.19%;5.90%
31.08.2022;-4.08%;-5.23%;0.51%;-5.63%;-3.95%;-0.45%;0.24%;-2.30%
30.09.2022;-9.21%;-11.97%;-0.68%;-12.49%;-5.14%;-12.04%;0.27%;-3.97%
31.10.2022;8.10%;14.76%;0.55%;4.81%;-0.69%;6.52%;0.33%;2.60%
30.11.2022;5.59%;7.40%;0.26%;5.99%;4.71%;5.91%;0.35%;2.17%
30.12.2022;-5.77%;-4.06%;0.10%;-5.61%;0.54%;-4.14%;0.35%;-0.62%
31.01.2023;6.28%;1.70%;1.85%;10.47%;3.28%;7.88%;0.38%;3.81%
28.02.2023;-2.45%;-7.17%;-0.94%;-4.89%;-3.32%;0.27%;0.39%;-1.29%
31.03.2023;3.67%;-2.20%;-0.72%;-2.37%;3.16%;-3.71%;0.38%;1.07%
28.04.2023;1.56%;3.90%;0.31%;1.53%;0.44%;0.38%;0.41%;1.00%
31.05.2023;0.43%;-10.22%;-0.18%;-2.93%;-1.95%;-1.42%;0.44%;-0.92%
30.06.2023;6.61%;9.58%;1.57%;4.74%;-0.01%;5.66%;0.43%;1.67%
31.07.2023;3.21%;5.36%;1.30%;2.77%;0.69%;5.97%;0.44%;1.38%
31.08.2023;-1.59%;-2.80%;0.17%;-2.71%;-1.37%;-0.47%;0.44%;0.28%
29.09.2023;-4.77%;-9.54%;0.33%;-7.44%;-2.92%;0.89%;0.44%;-1.18%
31.10.2023;-2.10%;-4.52%;-0.13%;-4.46%;-1.20%;-4.85%;0.44%;-1.16%
30.11.2023;9.13%;16.89%;1.46%;10.74%;5.04%;6.42%;0.44%;4.53%
29.12.2023;4.53%;6.99%;0.70%;9.21%;4.16%;4.69%;0.43%;3.73%
31.01.2024;1.68%;3.50%;1.41%;-4.27%;-1.38%;1.75%;0.44%;0.00%
29.02.2024;5.34%;8.85%;2.06%;1.98%;-1.26%;0.49%;0.44%;0.29%
29.03.2024;3.22%;5.25%;1.74%;1.55%;0.55%;2.15%;0.44%;1.18%
30.04.2024;-4.08%;-7.56%;0.16%;-5.92%;-2.52%;0.51%;0.44%;-0.94%
31.05.2024;4.96%;6.10%;0.70%;4.71%;1.31%;3.07%;0.44%;1.10%
28.06.2024;3.59%;5.50%;0.62%;2.26%;0.14%;0.23%;0.44%;0.94%
31.07.2024;1.22%;1.23%;0.47%;6.15%;2.76%;1.33%;0.43%;1.94%
30.08.2024;2.43%;2.98%;-0.23%;6.74%;2.37%;-1.45%;0.42%;1.63%
30.09.2024;2.14%;2.97%;1.77%;2.01%;1.70%;0.66%;0.38%;1.62%
31.10.2024;-0.92%;0.11%;0.00%;-1.07%;-3.32%;-0.29%;0.37%;-0.39%
